<?xml version="1.0" encoding="UTF-8"?>
<project xmlns="http://maven.apache.org/POM/4.0.0"
         xmlns:xsi="http://www.w3.org/2001/XMLSchema-instance"
         xsi:schemaLocation="http://maven.apache.org/POM/4.0.0 http://maven.apache.org/xsd/maven-4.0.0.xsd">
    <modelVersion>4.0.0</modelVersion>

    <groupId>be.kuleuven.cs.distributedsystems</groupId>
    <artifactId>gae-maven-plugin</artifactId>
    <version>1.0</version>
    <packaging>maven-plugin</packaging>

    <name>Distributed Systems GAE Maven Plugin</name>
    <description>Distributed Systems GAE Maven Plugin</description>

    <properties>
        <project.build.sourceEncoding>UTF-8</project.build.sourceEncoding>
        <project.reporting.outputEncoding>UTF-8</project.reporting.outputEncoding>
        <maven.compiler.source>1.8</maven.compiler.source>
        <maven.compiler.target>1.8</maven.compiler.target>
    </properties>

    <dependencies>
        <dependency>
            <groupId>com.google.cloud.tools</groupId>
            <artifactId>appengine-plugins-core</artifactId>
            <version>0.9.1</version>
        </dependency>

        <dependency>
            <groupId>com.google.cloud.tools</groupId>
            <artifactId>appengine-maven-plugin</artifactId>
            <version>2.4.0</version>
        </dependency>

        <dependency>
            <groupId>org.apache.maven</groupId>
            <artifactId>maven-plugin-api</artifactId>
            <version>3.6.3</version>
        </dependency>

        <dependency>
            <groupId>org.apache.maven.plugins</groupId>
            <artifactId>maven-plugin-plugin</artifactId>
            <version>3.6.0</version>
        </dependency>

        <dependency>
            <groupId>org.apache.maven.plugin-tools</groupId>
            <artifactId>maven-plugin-annotations</artifactId>
            <version>3.6.0</version>
        </dependency>
    </dependencies>

    <build>
        <plugins>
            <plugin>
                <groupId>org.apache.maven.plugins</groupId>
                <artifactId>maven-plugin-plugin</artifactId>
                <version>3.6.0</version>
            </plugin>
        </plugins>
    </build>
</project>